-- Crear Tablas
CREATE TABLE PROYECTO (
    PROYECTO INT PRIMARY KEY,
    NOMBRE VARCHAR(100) NOT NULL
);

CREATE TABLE PRODUCTO (
    PRODUCTO INT PRIMARY KEY,
    DESCRIPCION VARCHAR(100) NOT NULL
);

CREATE TABLE PRODUCTO_PROYECTO (
    PROYECTO INT,
    PRODUCTO INT,
    PRIMARY KEY (PROYECTO, PRODUCTO),
    FOREIGN KEY (PROYECTO) REFERENCES PROYECTO(PROYECTO),
    FOREIGN KEY (PRODUCTO) REFERENCES PRODUCTO(PRODUCTO)
);

CREATE TABLE FORMATO_MENSAJE (
    COD_FORMATO INT PRIMARY KEY,
    NOMBRE VARCHAR(100) NOT NULL
);

CREATE TABLE MENSAJE (
    ID_MENSAJE INT PRIMARY KEY IDENTITY(1,1),
    COD_FORMATO INT,
    PROYECTO INT,
    PRODUCTO INT,
    CONTENIDO TEXT,
    FOREIGN KEY (COD_FORMATO) REFERENCES FORMATO_MENSAJE(COD_FORMATO),
    FOREIGN KEY (PROYECTO) REFERENCES PROYECTO(PROYECTO),
    FOREIGN KEY (PRODUCTO) REFERENCES PRODUCTO(PRODUCTO)
);

-- Insertar Datos de Prueba
INSERT INTO PROYECTO (PROYECTO, NOMBRE) VALUES (1, 'Proyecto Alpha'), (2, 'Proyecto Beta');

INSERT INTO PRODUCTO (PRODUCTO, DESCRIPCION) VALUES (101, 'Tarjeta Oro'), (102, 'Tarjeta Plata'), (103, 'Tarjeta Platinum');

INSERT INTO PRODUCTO_PROYECTO (PROYECTO, PRODUCTO) VALUES (1, 101), (1, 102), (2, 103);

INSERT INTO FORMATO_MENSAJE (COD_FORMATO, NOMBRE) VALUES (10, 'Aviso de Pago'), (20, 'Promoción Mensual');

-- Mensajes que aplican a productos específicos
INSERT INTO MENSAJE (COD_FORMATO, PROYECTO, PRODUCTO, CONTENIDO) VALUES (10, 1, 101, 'Su pago vence pronto');
INSERT INTO MENSAJE (COD_FORMATO, PROYECTO, PRODUCTO, CONTENIDO) VALUES (10, 1, 102, 'Su pago vence pronto'); -- Proyecto 1 tiene 2 productos, este mensaje aplica a ambos.

INSERT INTO MENSAJE (COD_FORMATO, PROYECTO, PRODUCTO, CONTENIDO) VALUES (20, 2, 103, 'Nueva promo para usted');
